title,link,date,publisher,image
Large Group & Private Dining Guide,https://news.google.com/read/CBMiZ0FVX3lxTFBHcTExODhlQVNTeWFyNkhkTm1wUkxCNzhiZ3lCdkhILTAzbTdwZDRRb2lDcDFWazMwU1FSV001MkVZbk4wbVlxMkZ5MXBCZGFiZ1VYQzdOYkFVYm04NkJ3cFlQODV5cm8?hl=en-US&gl=US&ceid=US%3Aen,5 days ago,Time Out,"https://encrypted-tbn3.gstatic.com/faviconV2?url=https://www.timeout.com&client=NEWS_360&size=96&type=FAVICON&fallback_opts=TYPE,SIZE,URL"
Everything you need to know about Time Out Market Barcelona,https://news.google.com/read/CBMiZEFVX3lxTE5qTmQxMlVHVUhWZktTdHdnWnBqOEdzZ2ZMazFDd2JVLXJLYnpMVUpBMlVNWWFucU9EZ2plN1E1T0JvcHV1TjdQRkxxbHZkam9BN1huNEwtcXVpclZOaFZTSVlRVTI?hl=en-US&gl=US&ceid=US%3Aen,,Eater SF,"https://encrypted-tbn2.gstatic.com/faviconV2?url=https://sf.eater.com&client=NEWS_360&size=96&type=FAVICON&fallback_opts=TYPE,SIZE,URL"
Palo Alto Spanish Restaurant Hit With Lawsuit Before It’s Even Open,https://news.google.com/read/CBMimwFBVV95cUxOanpuWHVCUWpVTDJTaV93bUtWMnNwQ3dUUDFtNkV2SVdIYXphOEU3ZklUc2ZGS3hBMXNZQTYtOTBxWnVINlFvaGMyR0ZSN05vNEJrWGl0c3Q5WHRFQ2c2Y0UwRkRXdVhSS1ZseFZkWUpja2drVGtXa2NVUmlPU25EQ1R0LUhNT2s1Y0h2S0w5RVNGX2tQUHBITFBYYw?hl=en-US&gl=US&ceid=US%3Aen,19 days ago,Washingtonian,"https://encrypted-tbn3.gstatic.com/faviconV2?url=https://www.washingtonian.com&client=NEWS_360&size=96&type=FAVICON&fallback_opts=TYPE,SIZE,URL"
"Where to Find Decadent New Year’s Eve Restaurant Dinners, Parties, and Takeout Around DC",https://news.google.com/read/CBMixgFBVV95cUxOTTdKcl95ancwNG5jYkw2WU5VejRFRjZNMWFCdjdiZXlKN3psa2J0ZzdoSEtSQ0FvLXotcF9wLWJzX2JTME1MNXRVVnhlejZMNHRrR0NWOFMzMHZiQUtoMVhjbjIzeGZPeUhMa0htV1BudWxCUV9RbFdPRjJkZWZzNlBSS0N1WFJTUWpvaXhvcnczWXB6cnFBSUVjOThtU0RjbTBfUXlxZGJZMjhrcEZ1UWZHZU40ZXFpV00zd3AyeU1zUzQtTFE?hl=en-US&gl=US&ceid=US%3Aen,,Forbes,"https://encrypted-tbn2.gstatic.com/faviconV2?url=https://www.forbes.com&client=NEWS_360&size=96&type=FAVICON&fallback_opts=TYPE,SIZE,URL"
The 10 Hottest Restaurants In Barcelona For Summer 2024,https://news.google.com/read/CBMisAFBVV95cUxNbm5WTkMtTVVURDgxNHVzUS1LQkZUWXFUODJSa21xWVA2TzBaQi1ocHVZTlZFSzQ2Z2w5czVKeE83VXhRUGU4TWRKTXR3UkRzYVRveUFVSVFNTXNveFkwSlBPak4xdTFpc2lpUVV5bk1ObnVLWnJKczFqMWMzNkZGQmdaMnotX0pNSGtRLWZVeFU1M2VONUZlbUpYaW1xWkRGYTE2WjZYX1d1VUM3cWJlRw?hl=en-US&gl=US&ceid=US%3Aen,"Apr 27, 2024",La Vanguardia,"https://encrypted-tbn2.gstatic.com/faviconV2?url=https://www.lavanguardia.com&client=NEWS_360&size=96&type=FAVICON&fallback_opts=TYPE,SIZE,URL"
Tast a la Rambla kicks off in Barcelona: all the essentials for the tenth edition of the festival,https://news.google.com/read/CBMixwFBVV95cUxQUEh6R19IVEhVR1FBVE9zY2xQNVFobTM4OGhzZnNJWC1oM0RUczRueUhpSGNPQ184aG1yQjhDWFNyRm8ydTV4ZnJaajdJcUhJa1lub0w0OGdtVkExWFg0LUZvRld1SFI3UU9sWHA5ZHZ0LUt4UE8tR2JFa2JCQlNEYzJUQUMzRzIxbzJteXZDRXNmd3RpS1JDUklZdGc3aldFaENYRVpaRlB5UGVWUk1yenM5NUFRbVdmM1FWaHpKb0xwQmc4OWdJ0gHMAUFVX3lxTE96dkRtOVcwRzBUYm8tSnhPT3hlRXh5bU9ldWtCcm9TdnF4THREWDZBVWl3TnVzdTBlcG03UVlJbnJXTXp3VElQZUFrbEp2SkRXOUhIdGFtbkwxMXJtcXQyS1hlRl9zb1o0cXlSa29UbmZjRHVpV0Q4ZldmeU83eWYwNW00VVNVNVJzeEhiZHhzUWZRdDhxS29VWmFFY284TFFMOFplX3M5amFVOVdydnl6bVRUdFB1c21ZRmZGN0ZZZ09odHF2UGVFekFJbw?hl=en-US&gl=US&ceid=US%3Aen,"Jun 7, 2024",Time Out,"https://encrypted-tbn3.gstatic.com/faviconV2?url=https://www.timeout.com&client=NEWS_360&size=96&type=FAVICON&fallback_opts=TYPE,SIZE,URL"
Bubó is bringing the sweet treats to Time Out Market Barcelona,https://news.google.com/read/CBMidEFVX3lxTFA4MXZHa3J1dFpOblpJb3ZmS2tyOW9YTjhoSGNlTHVUdlpvTVZSTG1VZml0UDF4TnV5MUx6ZDh3dUNpRVI3ejlWNThCU0VWMlU1NkZfa1VDTFJrSWMtZ2dlRzAxOE5jRWx2MHF5VGxJVC1pSDI5?hl=en-US&gl=US&ceid=US%3Aen,,Forbes,"https://encrypted-tbn2.gstatic.com/faviconV2?url=https://www.forbes.com&client=NEWS_360&size=96&type=FAVICON&fallback_opts=TYPE,SIZE,URL"
The 2024 America’s Cup In Barcelona: Everything You Need To Know,https://news.google.com/read/CBMiugFBVV95cUxPNHA0SEhtWUJLdDhwRktQQ0J3VDlCdXctemdXeFQwUTR1TUZiX2NHWGRiNGtWVTVYQlJTanVxQ3B5R3NYLW1zQzNndC1tTTN4SEFUcjJpY0g3SXVvdjZ4aXdvMUwwR0VzMUpZaG1MUmtYel9XYU1taEhpSGVqUUxhZHZiSzRPU1N5cmNyamM5Tmx4bV9pdlc5OWFjdjczM3BEQTVyaFFnSE91Z013bXFmU193Z3JuTk5zSEE?hl=en-US&gl=US&ceid=US%3Aen,,The Columbus Dispatch,"https://encrypted-tbn0.gstatic.com/faviconV2?url=https://www.dispatch.com&client=NEWS_360&size=96&type=FAVICON&fallback_opts=TYPE,SIZE,URL"
25 years in German Village: Barcelona hosting anniversary events,https://news.google.com/read/CBMinAFBVV95cUxOdnZIZVZReFFZSENDY0o0WHZPY1VLRC1qOUVTU256TllWNWJwNWpaOXR0MFJScjJ6a2UyRHAtN0tvZndob3JvNjU2NFliSXZzVDVYZWEtRTNDbWtaM19qRDg5SHdaOFp0ZjJVZm5VbU5DMUlzX3Bwc25RdnFsZWJPdU8xYjh2M1BLM2pibGR3R3VMNWVLcjczZ3lvNUg?hl=en-US&gl=US&ceid=US%3Aen,"Oct 11, 2021",Time Out,"https://encrypted-tbn3.gstatic.com/faviconV2?url=https://www.timeout.com&client=NEWS_360&size=96&type=FAVICON&fallback_opts=TYPE,SIZE,URL"
Lena Maria Grané and Ricky Smith at Time Out Market Barcelona,https://news.google.com/read/CBMimgFBVV95cUxOeUxTaUJLbm4wTmZnSUZIWW5PdjJ4SXdWT183R2MwRWc4UlJleFZRbmwzOE0tZXcwY2h0VFkyXzJNMmxpOG4xb2Nxd3BSbllEV1hKdDNzLV9HYkNOb1VGZ0l1d0JmaXM4eHFlTk9CRzdaZXQtNXpvejUzVDNJVU9pLVMzSWlSVXV5N05Pc1hDRjMySlVNOENYTHNR?hl=en-US&gl=US&ceid=US%3Aen,,Time Out,"https://encrypted-tbn3.gstatic.com/faviconV2?url=https://www.timeout.com&client=NEWS_360&size=96&type=FAVICON&fallback_opts=TYPE,SIZE,URL"
'Canelonada' at the Time Out Market,https://news.google.com/read/CBMilgFBVV95cUxNem9HckpXbVV0eWg0V2N6U2hNLURjaGNVd0pQQjdJMlpZdkF5enYxM0Q3MzhYN3FrUG02R2xCbS13enhHMTZZQkxPYVFOT0h3Nmd1YWZEMEpMOU50Y3hoUzlkaldiRGNTYzRWYXh2NERfb3ppcUN3SElMWkp3RGpJckFaVkFKSmRSYlFHelM1am5PRUk5T2c?hl=en-US&gl=US&ceid=US%3Aen,,Time Out,"https://encrypted-tbn3.gstatic.com/faviconV2?url=https://www.timeout.com&client=NEWS_360&size=96&type=FAVICON&fallback_opts=TYPE,SIZE,URL"
Casa Guinart - Time Out Market Barcelona,https://news.google.com/read/CBMif0FVX3lxTE02WmVwMy1GOFdfb2NhTkxKQkFXMDk2ZWl4alRQVXdIVE9zUXIzZGczUVhFVTM0VFV6cnIyYVRVdUxINEh5Mk53aDBvQW1YQ2RHa0YtckVlYzJRTGhSemlGUl93Q0pBWWw2ZW5PYmNUWlRrREtPNmZibVg1eUZqVG8?hl=en-US&gl=US&ceid=US%3Aen,,Time Out,"https://encrypted-tbn3.gstatic.com/faviconV2?url=https://www.timeout.com&client=NEWS_360&size=96&type=FAVICON&fallback_opts=TYPE,SIZE,URL"
Michelin Dinners at the Time Out Market,https://news.google.com/read/CBMinAFBVV95cUxNZ1Q3cGlNWEFJNGREV2JVaHhrLUt5Nzd5dVRsSDBrc0pTQmZIWWdjRFUxSGp3MVRWaUpkR3FsNzQwb2xtMDNMc252Z05hRldrMjZweG0xbGRkbnhTOHYyRGQ5Y0tEOU9sZGJkUFltOHpFb2JEWV93MXVlMU1NMlJWbTB6UjBzay1TUXFZRWFIRmxESkhBUXYzejczS20?hl=en-US&gl=US&ceid=US%3Aen,,Time Out,"https://encrypted-tbn3.gstatic.com/faviconV2?url=https://www.timeout.com&client=NEWS_360&size=96&type=FAVICON&fallback_opts=TYPE,SIZE,URL"
Try Barcelona's best rice dishes at Can Ros Barceloneta,https://news.google.com/read/CBMiiAFBVV95cUxNVXk2TnJZQmxrcFJmLXlPVF9hM1NMczd2TjlTaHhHSnRKV0dNWTdzREtQSHR5bEpUV2c1eDFaa1lKekg1NDhiOUY4eDhQN29OOENIT1RiQU9KWl9kVmloMHdWN3piaWtydVJ1QnNjVkQ4WmNjVDYtdjdJQXo2d19jMHlmUXc4Y0xT?hl=en-US&gl=US&ceid=US%3Aen,,Time Out,"https://encrypted-tbn3.gstatic.com/faviconV2?url=https://www.timeout.com&client=NEWS_360&size=96&type=FAVICON&fallback_opts=TYPE,SIZE,URL"
What to eat and drink at Time Out Market Barcelona,https://news.google.com/read/CBMibkFVX3lxTE9HUFJzUDJyWG1XbHV4V3pQRjFCZ1J3SUxXQzNoQmEwWExjTGFHMU0zWG9iQWZORGZRUGdhZGlGT2RuN3V2Q3FwdUtudzVtNDhIcTV3M0g4UW9UdWtpT21vQ2p5cnkxVjlYWnJBa3N3?hl=en-US&gl=US&ceid=US%3Aen,,Time Out,"https://encrypted-tbn3.gstatic.com/faviconV2?url=https://www.timeout.com&client=NEWS_360&size=96&type=FAVICON&fallback_opts=TYPE,SIZE,URL"
Darvaza is bringing the heat to Time Out Market Barcelona,https://news.google.com/read/CBMieEFVX3lxTE9pbVRSUWp4Xy0waFo2MjRnVHg0WDVmQXJBaGk5bXcxdzBiZWs3Tjh6VWd1VTBhWTVVNGQwcG5Nejg1N1pwTjNsUnBfR2gwejdodlJxZ1Z6THkyemlYZ0FUR0VhV0pDZGRuSktqM1RKY2NzQ21aNjJrZg?hl=en-US&gl=US&ceid=US%3Aen,,Time Out,"https://encrypted-tbn3.gstatic.com/faviconV2?url=https://www.timeout.com&client=NEWS_360&size=96&type=FAVICON&fallback_opts=TYPE,SIZE,URL"
Jordi Artal,https://news.google.com/read/CBMifkFVX3lxTFB6UDVFc1BTQ3hIdzNYVk51dUJNSjdLZlNNSWtSbkE0dUVkQnFSc0VwLTh2Qm1GQjNTRHk0WmZEOWJ1dm4zVkhYOWFGbGtZdFROUWp0cE9TY0E2YjVOVjNZVHB6U1UxNDRLeGZENHIzTkwxcTR6N3ZEbmt3TzJpdw?hl=en-US&gl=US&ceid=US%3Aen,,Time Out,"https://encrypted-tbn3.gstatic.com/faviconV2?url=https://www.timeout.com&client=NEWS_360&size=96&type=FAVICON&fallback_opts=TYPE,SIZE,URL"
The best New Year's Eve celebrations in Barcelona for 2024,https://news.google.com/read/CBMidEFVX3lxTFAxSUtod0R6cWY5S2s2aDVyUk96U180aUtrdzRoSVZsc3RMZ3MyMGROSHNJY1VoaWdUZGNEaHktdlRzRDl2Z2hvTy1LR1h2VENmM1QtZlhWekdfcVlXYmlWNXhkUDM5c1lreU1TZGlLS2Z5TTNX?hl=en-US&gl=US&ceid=US%3Aen,,Time Out,"https://encrypted-tbn3.gstatic.com/faviconV2?url=https://www.timeout.com&client=NEWS_360&size=96&type=FAVICON&fallback_opts=TYPE,SIZE,URL"
La Balmesina are doing pizza differently at Time Out Market Barcelona,https://news.google.com/read/CBMif0FVX3lxTE91eERSNktlT0xvSm0zeTNYQkJrREVyVnVBbnNYSUI2NjkxS1lHTFdBWXRLcm5qQ0tSZlB2bVVabTg5QldmVm56R3lYcGZfZWlKd2lpRHFqTXhzWm1JOVUxbFkxaFE2UUNRdnl3MzA1dDZJUXdzRk5PMHMwZUtOQUU?hl=en-US&gl=US&ceid=US%3Aen,,Lonely Planet Travel News,"https://encrypted-tbn3.gstatic.com/faviconV2?url=https://www.lonelyplanet.com&client=NEWS_360&size=96&type=FAVICON&fallback_opts=TYPE,SIZE,URL"
"The ultimate weekend in Barcelona: what to eat, see and do",https://news.google.com/read/CBMickFVX3lxTE9qQlQzVTVtZ3NFQl9Eby1UWGlDbHVFWWYzRnVrVjBwd1c1SDYtSlpfN0ZNVVJ4cmgtMThES0p3bkk5bmZIZ09UYlMtYVIxLXdYQm9wdE1NdDdzRDlSRFgxQ0s2NGxGLTc1bmNvUDJvQklDQQ?hl=en-US&gl=US&ceid=US%3Aen,"May 21, 2024",The World's 50 Best Restaurants,"https://encrypted-tbn0.gstatic.com/faviconV2?url=https://www.theworlds50best.com&client=NEWS_360&size=96&type=FAVICON&fallback_opts=TYPE,SIZE,URL"
The World's 50 Best Restaurants 2024: the list revealed,https://news.google.com/read/CBMimgFBVV95cUxQS1kzdTBQa3ZEUHF2OG9UbE5SOEhOeTRtZXpFeDRWeUpmSWpvazZYc1BMY09GWUJTZFREanh5NmZWTWhQX1lVYkNnYl81bHlqTU40cnd1cDN6am1aTHhWR1B3RlBnaUtyREhHSVdXUDM2QmJ3eVItWHpMX3pWb3ZiZFRkUHZlamhaYjZDWTBiR09mUHg4R09vQ0tB?hl=en-US&gl=US&ceid=US%3Aen,"Jun 5, 2024",Time Out,"https://encrypted-tbn3.gstatic.com/faviconV2?url=https://www.timeout.com&client=NEWS_360&size=96&type=FAVICON&fallback_opts=TYPE,SIZE,URL"
The best rooftop bars in Barcelona for cocktails with a view,https://news.google.com/read/CBMikgFBVV95cUxPT1lTcWN0YUFDZzl3WUNhQWJGNW1SVmJWVnFYV1QwMkN4aDQyYW16TVNtQTdmSzZ3b0RLM0pPbDdaMmlhNTBvcnA4OURJSHF0YUM3Yy1vWFdvLTNkN1hEMHpMRklBbThOcmxUdW5SY01nczFzTE1PWGR4eXB1c3pwV2JLeGItWHFFSmxCSkl5M1BsZw?hl=en-US&gl=US&ceid=US%3Aen,"Feb 5, 2024",ELLE,"https://encrypted-tbn3.gstatic.com/faviconV2?url=https://www.elle.com&client=NEWS_360&size=96&type=FAVICON&fallback_opts=TYPE,SIZE,URL"
"Barcelona, Spain Travel Review: The Best Hotels, Bars, and Restaurants",https://news.google.com/read/CBMiiAFBVV95cUxNdlJFbFlNQVBkeGtNckhydUN2aXJFdlpCdzhuSEt5MTRWWm5MSlBIU05FaVNGeXg4NzlJaEdUSFJWVHY0aWVFbHRVM0didW04cUo1aUpMci01VXBHY3M2ZEdVRjdSV0ttTGd1MUFFRUZGTTlyWm00SE5YQlQtR0lFM0hJWERCVUpr?hl=en-US&gl=US&ceid=US%3Aen,"Jan 26, 2024",The Guardian,"https://encrypted-tbn0.gstatic.com/faviconV2?url=https://www.theguardian.com&client=NEWS_360&size=96&type=FAVICON&fallback_opts=TYPE,SIZE,URL"
"Dream dinner party guests: Obama, Springsteen and Spielberg delight Barcelona restaurant staff",https://news.google.com/read/CBMi1AFBVV95cUxQdEs5NTdzaU9VVkVMOE9GajFhS2JVS0VCdDhrclFhcnhIbzd1ZUtzQkp2YUhDR3FmaXJ5N0JZM0d2NHMzbHhtMU43bGVmYnBFMjc0T1VyMEhsNGhMUldkenM0N2FYbFBocmpIYXNFTjY5VnkyXzVKeEtRYl8ybmphTFVpR2tPY3ZFUm01UnJYSjZUaXhyWDMyUFREM0JnWUNmY25YMXdsME9kc2JsOTR4dkktX1FCY091SXl1UXNsdHhtRl9Bd19CT24zeFNBUTF0SE9XYg?hl=en-US&gl=US&ceid=US%3Aen,"Apr 28, 2023",Culinary Backstreets,"https://encrypted-tbn1.gstatic.com/faviconV2?url=https://culinarybackstreets.com&client=NEWS_360&size=96&type=FAVICON&fallback_opts=TYPE,SIZE,URL"
Wheel Hospitality: Cycling-Friendly Spots in Barcelona,https://news.google.com/read/CBMiiwFBVV95cUxQUXEzaEw1UFNTc2ZsY0RLeG1teTB2RFF2dmxzWmwtc0VfNGktMFR1R0VIOEhaX0V5ekh6WGROMURRYnhCcHZMQkt4Y25qdWhISklKZzUtcWZuU05ZMkUwVmh0NHo3d3IzRFQ3Z3llamhXSnR4V2pVYVJoeGljV3BuTlVrdDdXTHhRaEU4?hl=en-US&gl=US&ceid=US%3Aen,"May 3, 2021",Culinary Backstreets,"https://encrypted-tbn1.gstatic.com/faviconV2?url=https://culinarybackstreets.com&client=NEWS_360&size=96&type=FAVICON&fallback_opts=TYPE,SIZE,URL"
Cooking for Good: Solidarity Kitchens in Barcelona,https://news.google.com/read/CBMigwFBVV95cUxPcjRyUE92QlgySE9wV3hlMDdxV0JvdWVQa1I3T1JMT2NtR2wteUl5SHQ4MTVpcmhjSnVmVEZHRUhxMVd2MEdQekE5ZUdyOHN6T2NYbW1pMmtPcko3R0t4OHRnQm91cldYU2lDOEI0M0MxUmNTbWV4blhHQXJQMHN5dUZjZw?hl=en-US&gl=US&ceid=US%3Aen,"May 28, 2020",Tampa Bay Times,"https://encrypted-tbn0.gstatic.com/faviconV2?url=https://www.tampabay.com&client=NEWS_360&size=96&type=FAVICON&fallback_opts=TYPE,SIZE,URL"
9 places to eat and drink along the Gasparilla parade route in Tampa,https://news.google.com/read/CBMipgFBVV95cUxPVnRGZjBmTEpTUHhDWXladnNmampFU2ZSUXZMenVQdzNqYmRWV0FodnZOX1c3VTRlWUlodG1QNVB1WF9tOW5KTERZV1BaY0NBSnVEQThORTFmblJfZE1rN1gwQWdreHNJQ21TcTJKNWxFeGlxamY0LUZMa1ltQWtHZEVZdGl6Zm1mZWpDQ1RrM1VFWGRyLTlvZkh0dmNlaXVGZEZybTVR?hl=en-US&gl=US&ceid=US%3Aen,4 days ago,Time Out,"https://encrypted-tbn3.gstatic.com/faviconV2?url=https://www.timeout.com&client=NEWS_360&size=96&type=FAVICON&fallback_opts=TYPE,SIZE,URL"
Area guide: Gràcia – Time Out Barcelona,https://news.google.com/read/CBMiY0FVX3lxTFAzQ1NySnlWMWY1eXBaV0NVX0dISGNDXzBHU0ZyZjRuVFY1Wml1STRmLXNfUVctMVJyeTZnNkYwelJ5ODVhWUlFVnpCZDhKam5pakFqekR6eVBfaHd6QjFrTXM3bw?hl=en-US&gl=US&ceid=US%3Aen,"Oct 6, 2021",Chase Bank,"https://encrypted-tbn1.gstatic.com/faviconV2?url=https://account.chase.com&client=NEWS_360&size=96&type=FAVICON&fallback_opts=TYPE,SIZE,URL"
Chase Sapphire Reserve | Credit Card | Experiences & Dining Benefits,https://news.google.com/read/CBMibkFVX3lxTE9WQVpCd0FMQl9VdEdEbzNRSjRjbDJDcU1FRE9ibTJIV2w1RlZOY2hwcUdBUTYweGVmb182RkpibWNXWW0xYWJfVWQ4SHhJejZjYW1ZTUgySktGUWR5X1oxWjREUXl2VnJiYjc1SnhR?hl=en-US&gl=US&ceid=US%3Aen,"May 6, 2022",Lonely Planet Travel News,"https://encrypted-tbn3.gstatic.com/faviconV2?url=https://www.lonelyplanet.com&client=NEWS_360&size=96&type=FAVICON&fallback_opts=TYPE,SIZE,URL"
"Barcelona with kids: the best parks, markets and galleries for children",https://news.google.com/read/CBMiaEFVX3lxTFB4bUs3djJkM3pkYVdHOU5NN3dRV1RwdFVQbWNZd25yYkdWckM2LURjMmozMDdvYm5ZM0JhVDUzd0JDdUxWSVlfM2NfdlF0U0xZbXVuYUQteXVDNmVaUFNYWmhSWXhmZm5F?hl=en-US&gl=US&ceid=US%3Aen,"Oct 27, 2023",The Spaces,"https://encrypted-tbn1.gstatic.com/faviconV2?url=https://thespaces.com&client=NEWS_360&size=96&type=FAVICON&fallback_opts=TYPE,SIZE,URL"
Interiors of restaurant Nina Barcelona celebrate the building’s skeleton,https://news.google.com/read/CBMimgFBVV95cUxQV1hZOFdnZEhGZ0g5cmlYaS1pWjlwdkV4RklmbFRkaVF3aG1lNVoyX2hoNVRoZzNPaHR4UjRBMGRLMEFZVXhCblhrb1E3ZzBJNVJabV9vb1NXQWlEYWkyX1lVUlE3V05Zdm1zcTNfRnItLUJUY1hlUFJ1VUNvMTlkLXNHekhvMEZvWEtPZkNtcll5cG9kRGxrSllR?hl=en-US&gl=US&ceid=US%3Aen,"Mar 18, 2021",Time Out,"https://encrypted-tbn3.gstatic.com/faviconV2?url=https://www.timeout.com&client=NEWS_360&size=96&type=FAVICON&fallback_opts=TYPE,SIZE,URL"
The best things to do in Barcelona right now,https://news.google.com/read/CBMigwFBVV95cUxPblVZaXkzMzQ4QmszLV9yaXhINkZVQUNWbV9VWTJNQ1dRUGgyTnJFcE5sRXhhblczVUVCZDNXM2gtYXdVTEtIVm1FVDNmMjZ1VGlZOEQxajhKUTd6eE1FYkFnY1loajFIY2pYZW9kWmZINml5VWhRWFRYVWxZQzBSaGJ4SQ?hl=en-US&gl=US&ceid=US%3Aen,,America's Cup,"https://encrypted-tbn3.gstatic.com/faviconV2?url=https://www.americascup.com&client=NEWS_360&size=96&type=FAVICON&fallback_opts=TYPE,SIZE,URL"
THE LOUIS VUITTON 37TH AMERICA’S CUP RACE VILLAGE IS BARCELONA'S NEW HOTSPOT,https://news.google.com/read/CBMiswFBVV95cUxNd2dlaWdtTEoycl9oMWs1dVQyVTk4SE8wR2RZbWlXQVI5YkV6NjNWSUIxU0JGeHZqTlVWSS1feUVzbjE1bFZxMk5wMGVIVEZwZWZIMDU5NUt3T2dWanFVTzA3Ni1vd25CcTJlcHQyRFBhSWRTNU5KNXNObmZIaVYydmx4YXZGWUgwOF9KNUV4NVM5ck1RWElqVm5TbkVPUUllc1lrNVc1amJvN3dhSGh3U2gxSQ?hl=en-US&gl=US&ceid=US%3Aen,,Nashville Guru,"https://encrypted-tbn3.gstatic.com/faviconV2?url=https://nashvilleguru.com&client=NEWS_360&size=96&type=FAVICON&fallback_opts=TYPE,SIZE,URL"
50+ Dog-Friendly Patios in Nashville,https://news.google.com/read/CBMidEFVX3lxTE5ocE5FM3BELWNaa0FOY0VZZ28tYXFKYzMydWw2Q3lGNXY4ZkRqT2ZMa2kxeS1YYWlaUERielFORnZIQUFNaXJpVUttQnRDQTVZdkZKSzZUODJ3VnBfWEVHV09BSEZyeVpzMWFVV2NVa1VCVHpq?hl=en-US&gl=US&ceid=US%3Aen,,Time Out,"https://encrypted-tbn3.gstatic.com/faviconV2?url=https://www.timeout.com&client=NEWS_360&size=96&type=FAVICON&fallback_opts=TYPE,SIZE,URL"
51 Must-See Attractions in Barcelona for 2025,https://news.google.com/read/CBMilAFBVV95cUxQTDFva3c4QWRrWHZUTk1NLXlBeXg5eVMweHM2Q2FKdXltUnZXczFBcmZaUjJaZkJTZV8yeUVWcUhLN3E2S2l6WGdrOVlLem1nM2h1SWdIZkVDeURJNTdyb2JYbWk1N1Y0SEtGR0FITjhXNFNMbF9wYU1OVGtJQUdYNmFRaXMzdGNmU3Z4bk4wM1kzY2Ro?hl=en-US&gl=US&ceid=US%3Aen,,America's Cup,"https://encrypted-tbn3.gstatic.com/faviconV2?url=https://www.americascup.com&client=NEWS_360&size=96&type=FAVICON&fallback_opts=TYPE,SIZE,URL"
"BARCELONA, CATALONIA, SPAIN",https://news.google.com/read/CBMiTkFVX3lxTE1sa1hMaUtUdnNqWS03V1MxZndLTmZxUFUtRjZZU2tDeXBueW9NSFZiRzdKTXJKTWpXcHllRzNhNEx4eGxybGZyS2tTZTcyUQ?hl=en-US&gl=US&ceid=US%3Aen,"Nov 10, 2022",Time Out,"https://encrypted-tbn3.gstatic.com/faviconV2?url=https://www.timeout.com&client=NEWS_360&size=96&type=FAVICON&fallback_opts=TYPE,SIZE,URL"
The 14 best things to do on La Rambla in Barcelona,https://news.google.com/read/CBMidkFVX3lxTE9aU3EzTXhGSDMwVVhPeUI2cUJ3MUxfdTVFaWlpOVEwdVpPRGM1NkxHOWh5U3dvZk5UQkRQUFltb1RtNGZ4bXZXQVIxekRTMHFUdVF1cks2aU1HVGxwOURjbjRmMk5RZE9Yak13VGJ2elhObk1waGc?hl=en-US&gl=US&ceid=US%3Aen,"Oct 12, 2023",Time Out,"https://encrypted-tbn3.gstatic.com/faviconV2?url=https://www.timeout.com&client=NEWS_360&size=96&type=FAVICON&fallback_opts=TYPE,SIZE,URL"
The 10 best gay bars in Barcelona,https://news.google.com/read/CBMigAFBVV95cUxNZ2pVekMzbk5IUHVXYXpscTQtOS1OZWphc2Z0YWFQS2VuMXI3b0J2NmtDaDZtTXQwSGVHNzlIcFhHT3RfNHVUTUtZQ3FKMW9Pc0s2WERRNXpBLTVyWUl4UlI2OTVfVDlvcUd3UkllbHkySnZBOXBVOHMwalBKT2F4aw?hl=en-US&gl=US&ceid=US%3Aen,"Jan 15, 2024",TripSavvy,"https://encrypted-tbn2.gstatic.com/faviconV2?url=https://www.tripsavvy.com&client=NEWS_360&size=96&type=FAVICON&fallback_opts=TYPE,SIZE,URL"
"Barcelona in October: Weather, What to Pack, and What to See",https://news.google.com/read/CBMib0FVX3lxTE9qY1pqYkZuYTQtc0dxdUtqbkVvUUU2VFJoUDZOMGRpYzVEakxDMnFfbWlJZTZMVkdpY3JBeEdxVTNEVnJxTVg0RGVEOFBLTGZUVVM4THR6TWZ3cXBUN3hydEZHZjFJb2N2UzNTbXVyNA?hl=en-US&gl=US&ceid=US%3Aen,"Oct 15, 2020",The Spaces,"https://encrypted-tbn1.gstatic.com/faviconV2?url=https://thespaces.com&client=NEWS_360&size=96&type=FAVICON&fallback_opts=TYPE,SIZE,URL"
10 Barcelona restaurants with awe-inspiring interiors,https://news.google.com/read/CBMifkFVX3lxTE9TTWY0YndDMFQ5c0gtRENnNmhFWkJPRjAwd1BwQ2dzVHQxWHNRT2tnbkhCOWdaS3Z2LVR3TGQ0dkFEaHRNTFltYWZITEk0WmpYZUctOS1FX2VTX0Y1eWcxX2Q5TThISlpUeFpwQlBIbGRMdmdyRGU4M2dMNktkUQ?hl=en-US&gl=US&ceid=US%3Aen,"Aug 30, 2018",Time Out,"https://encrypted-tbn3.gstatic.com/faviconV2?url=https://www.timeout.com&client=NEWS_360&size=96&type=FAVICON&fallback_opts=TYPE,SIZE,URL"
Time Out Market Barcelona at Port Vell,https://news.google.com/read/CBMikgFBVV95cUxQZndrc0p1U183SEhRZTh5Mk9EMXAyT25lUmNZZ0NOMm9objRfQ1BieVdkbnFacm9ldzByTS1HbVhXX184NVY2WWVIUk5FMndBOWIwNjc5VUlQUWFCVU5MMXRKTlp4WDI2YjZRN2R0Z3JHb08yYzV3WlFDWjl0amxiVndfb24xaHRQcWQ0TUI3YURPZw?hl=en-US&gl=US&ceid=US%3Aen,,Catalan News,"https://encrypted-tbn1.gstatic.com/faviconV2?url=https://www.catalannews.com&client=NEWS_360&size=96&type=FAVICON&fallback_opts=TYPE,SIZE,URL"
‘Lasarte’ becomes first restaurant in Barcelona with three Michelin stars,https://news.google.com/read/CBMisgFBVV95cUxNSkRHMmpkZHVMcDVSOWFrRDFPOXRMWlNyRkMyOGN2SW9oT3I3SWN6UTFmZmdjY2JQWmdEcG5mc0M2TFhpemVpcWZJajVGaXhxT1Q1T1dyOThKbmJyLXNtQmtZekxmM242RmNHN3o1NGZoV2h3VnBpdW56cWpaNVNDLXZreWJSUFNKYnVITVUxSkM0djNzRTAtcHNNS25sWlB1OVhPeGlPRWtSd3pQWFU4WjBn?hl=en-US&gl=US&ceid=US%3Aen,"Nov 24, 2016",The Spaces,"https://encrypted-tbn1.gstatic.com/faviconV2?url=https://thespaces.com&client=NEWS_360&size=96&type=FAVICON&fallback_opts=TYPE,SIZE,URL"
​​Barcelona restaurant Compartir emphasises the city’s links with the sea,https://news.google.com/read/CBMiVEFVX3lxTE92V1BjTU5pR2ZCNFVTMC1PMlZJWWlQNy1nTk8wcUQwSENyZURfTmZZMU1PNFBrbDIwc2FHaXZYLWJ3SHFHUFBKaXUxZEd1cUlVZkE2VA?hl=en-US&gl=US&ceid=US%3Aen,"Mar 10, 2023",Time Out,"https://encrypted-tbn3.gstatic.com/faviconV2?url=https://www.timeout.com&client=NEWS_360&size=96&type=FAVICON&fallback_opts=TYPE,SIZE,URL"
8 Brilliant Places to See Flamenco In Barcelona,https://news.google.com/read/CBMifkFVX3lxTE9ROFljem1qeVVTWUNaR3BFc0hxc3Rjc0QzbkpjUzBTZ2p5Z1VGd1NkcWVjSHVWbjZjbkxOd00zVUotWGpuY3NWLUQxUE5iS3dsQ1FQWmlVZF9rWkVxb0I1cWNLczRmNjVobkU1Szd0WUlCT09wU3VqQ2tYYkpRZw?hl=en-US&gl=US&ceid=US%3Aen,"Nov 19, 2019",Columbus Underground,"https://encrypted-tbn0.gstatic.com/faviconV2?url=https://columbusunderground.com&client=NEWS_360&size=96&type=FAVICON&fallback_opts=TYPE,SIZE,URL"
Eat Right: Best Restaurant Spaces to Hold An Event,https://news.google.com/read/CBMijwFBVV95cUxPZVYtZmowVUR2ZFVoYnBCUzJFdFV1SHd1dVBLb21MNEJ2YXdLb1Qxd2NzRW9JMXVnbl9rOWhqNm02S1JXNVBwRTFvbDFKYjVFNlZ0R0lTaWlUMndKN2Z6cUZ5MEExblB6d0pCVlVOMVJGZEtseEVJM0FLeEVfSFYxNTdpbTRkeTNfWmhiOGtZSQ?hl=en-US&gl=US&ceid=US%3Aen,"May 4, 2016",Time Out,"https://encrypted-tbn3.gstatic.com/faviconV2?url=https://www.timeout.com&client=NEWS_360&size=96&type=FAVICON&fallback_opts=TYPE,SIZE,URL"
"9 Reinas | Restaurants in Eixample, Barcelona",https://news.google.com/read/CBMiZEFVX3lxTE5lZXVMYzJlVlZJeFY0dElBMGJDaHVhOWtjNV9xNkk0aXZBaHdUY0ZxZXF1dzh4LWtBWGwwYUF2bWl6dE9jMmF1QlcxVHBPbC1jVGtsUTNGbHgwbkp1SjlQc0tobGw?hl=en-US&gl=US&ceid=US%3Aen,"Jan 15, 2016",Time Out,"https://encrypted-tbn3.gstatic.com/faviconV2?url=https://www.timeout.com&client=NEWS_360&size=96&type=FAVICON&fallback_opts=TYPE,SIZE,URL"
"OGGI | Restaurants in El Gòtic, Barcelona",https://news.google.com/read/CBMiX0FVX3lxTE1LQXI0Nm1vMS1qZXJuZkxWQ1FseklTVkNmSE80VkVmTmstZ2xoYlJKNUJRX0FqMGVrM0UyRlY1TlZiTlhpaFhVVFlOam1XMnB2STltQkh0VkctaEprNXkw?hl=en-US&gl=US&ceid=US%3Aen,"Aug 3, 2020",Barcelona Secreta,"https://encrypted-tbn0.gstatic.com/faviconV2?url=https://barcelonasecreta.com&client=NEWS_360&size=96&type=FAVICON&fallback_opts=TYPE,SIZE,URL"
These are the 26 most beautiful restaurants in Barcelona,https://news.google.com/read/CBMickFVX3lxTE1YRU5EQUhDNUZZdWNVeGtuY25DTm5feV84dGhnM0l2UFNlNEo3akhhZV9hUUlUSzFyWkxRclFzYlVvdjV1NDZ5QllTQjUzMW5OY1lhWEpiV2dVekNjQnUzR1lUX2VVUkpUODNteXJkcjJiZw?hl=en-US&gl=US&ceid=US%3Aen,8 days ago,Barcelona Secreta,"https://encrypted-tbn0.gstatic.com/faviconV2?url=https://barcelonasecreta.com&client=NEWS_360&size=96&type=FAVICON&fallback_opts=TYPE,SIZE,URL"
Chinese New Year in Barcelona 2025: when is it and where is it celebrated?,https://news.google.com/read/CBMickFVX3lxTE5nRXYzOS05X3M1RlN6d0I2dWJXbmxEb0xUWEwyeWktX043SVFFbExFWHJXY0w1UXBZZjZhek1DTUtQaG02VzhJV21QNmNPVTBjUHBYZ0V4NlpjcHZjQ2R0aFc4NTVoVWZsVmVBbVNONU8xZw?hl=en-US&gl=US&ceid=US%3Aen,4 days ago,Time Out,"https://encrypted-tbn3.gstatic.com/faviconV2?url=https://www.timeout.com&client=NEWS_360&size=96&type=FAVICON&fallback_opts=TYPE,SIZE,URL"
The 15 best Barcelona beach bars,https://news.google.com/read/CBMioAFBVV95cUxNa3BQWkhlWTNOMVkxR1BCRU42SUZTc1Q1VmtEOFZaWDFyN0dLRUxpbUxpc1RYSm56RUVzOHJKT1BKQ3RFLU1KWWRCOHhQdFFQZXZsOUFfSjZNZFpzUnFuVElnc0FmcnpZQkp0bWVyV2NvM3FPS1VHSTZJZ2lpRDhXeDhaMmpJb3lfRHBJTHZzTGEySFV4UHVxekE4U09kYWxk?hl=en-US&gl=US&ceid=US%3Aen,"Aug 1, 2018",Time Out London,"https://encrypted-tbn3.gstatic.com/faviconV2?url=https://www.timeout.com&client=NEWS_360&size=96&type=FAVICON&fallback_opts=TYPE,SIZE,URL"
Brilliant things to do in London in January 2025,https://news.google.com/read/CBMiZkFVX3lxTE90dTBRT1p1SENzWU9LcDJnalFZbm5UQ25vc1RVajdWWlgwSEFIbEROZ3E2UUZOSzBVNzFHUFl5UmhqTzYxbUNUNnkzUGhnMERuTTdId1dCckM5Z2M2ZVdHZUw0LWJMdw?hl=en-US&gl=US&ceid=US%3Aen,12 days ago,City of Toronto,"https://encrypted-tbn2.gstatic.com/faviconV2?url=https://www.toronto.ca&client=NEWS_360&size=96&type=FAVICON&fallback_opts=TYPE,SIZE,URL"
Summerlicious,https://news.google.com/read/CBMid0FVX3lxTE51RFAydmJMOVhwRlEyb2ZYRUhPYTFvOElEdGJ6NFB0a3FDcUkzMUxOQy1rUE1vVWpOQUNfMk9YN3JxYWNIRGZBeFYtbFcweTNRNERITXI4bFhvZUdaOUowRGFJaWhyN3dram5VVnRFSXVPbE9ZOE9J?hl=en-US&gl=US&ceid=US%3Aen,"Nov 24, 2017","Nov 24, 2017",https://lh3.googleusercontent.com/7VUtCa9aNJw3YcC7C1IhWUu9fgPqZ4xDNMAPIMLBQFKaKzKRhnTyo3VTaM_T8w7qRDqeES0NoA=s56-rw
